6bccd120-1146-11eb-b3f5-cb4c156e816c,Ở đây vui nè
50900210-1146-11eb-b3f5-cb4c156e816c,Kim Suhyun
60563f20-1146-11eb-b3f5-cb4c156e816c,John Gray
134c7e40-1a53-11eb-82d1-fbe306be27d5,Đỗ Nhung
411cc700-1146-11eb-b3f5-cb4c156e816c,Yuval Noah Harari
5bd21690-1146-11eb-b3f5-cb4c156e816c,Kulzsc
a49b2c60-1a54-11eb-82d1-fbe306be27d5,Nguyên Phong
30610660-1146-11eb-b3f5-cb4c156e816c,"Tom Corley, Michael Yardney"
146f8830-1a58-11eb-82d1-fbe306be27d5,Rosie Nguyễn
b0177170-1a59-11eb-82d1-fbe306be27d5,Minh Mẫn
f553f220-1a74-11eb-82d1-fbe306be27d5,Mai Lan Hương
5645f3e0-1146-11eb-b3f5-cb4c156e816c,Cảnh thiên
